{"cameraMode":{"drawMode":0,"name":"Shaded","section":"Shading Mode"},"sceneLighting":true,"audioPlay":false,"sceneViewState":{"showFog":true,"showMaterialUpdate":false,"showSkybox":true,"showFlares":true,"showImageEffects":true,"showParticleSystems":true},"in2DMode":false,"pivot":{"x":-5.935858726501465,"y":7.270175933837891,"z":4.302009582519531},"rotation":{"x":-0.003279167925938964,"y":0.9947464466094971,"z":-0.0966918021440506,"w":-0.03372352570295334},"size":28.30895233154297,"orthographic":true}